Type,Text,Link
Μόδα/Ομορφιά,Celestino,https://www.celestino.gr/
Φαρμακείο,farmakopoioulis.gr,https://farmakopoioulis.gr/
Μόδα/Ομορφιά,Olympic Stores,https://www.olympicstores.gr/
Τεχνολογία,Intellihome,https://www.intellihome.gr/
Άλλα είδη,Gini Group,https://ginigroup.com/
Μόδα/Ομορφιά,Stockdeal.gr,https://www.stockdeal.gr/
Παιχνίδια,NOW LOADING,https://www.nowloading.gr/
Άλλα είδη,Alensa,https://www.alensa.gr/
Άλλα είδη,Hellastech.gr,https://www.hellas-tech.gr/
Βιβλία,BookSite,https://www.booksite.gr/
Άλλα είδη,allyouwant.gr,https://www.allyouwant.gr/
Άλλα είδη,PANES GIA OLOUS,https://www.panesgiaolous.gr/
Μόδα/Ομορφιά,Zakcret Sports,https://www.zakcret.gr/
Τεχνολογία,Pinguin.gr,https://www.pinguin.gr/index.php?route=common/home
Βιβλία,Politeianet,https://www.politeianet.gr/
Μόδα/Ομορφιά,Funky Buddha,https://www.funky-buddha.com/
Μόδα/Ομορφιά,Galerie de beaute,https://galeriedebeaute.gr/
Μόδα/Ομορφιά,Hairbeautycorner.com,https://www.hairbeautycorner.com/
Μόδα/Ομορφιά,BOSS SHOES,https://www.boss-shoes.gr/index.php?route=common/home
Μόδα/Ομορφιά,Sneaker Cage,https://www.sneakercage.gr/en
Μόδα/Ομορφιά,Λητώ,https://www.letoshop.gr/el/
Μόδα/Ομορφιά,District 75,https://www.district75.gr/
Μόδα/Ομορφιά,Cosmetics.gr,https://cosmetics.gr/
Μόδα/Ομορφιά,Intersport,https://www.intersport.gr/el/
Παιχνίδια,NERDOM,https://www.nerdom.gr/
Παιχνίδια,GameStory,https://gamestory.gr/
Φαρμακείο,Pharma4all.gr,https://www.pharma4all.gr/
Φαρμακείο,Pharm16,https://www.pharm16.gr/
Φαρμακείο,efarmakeio.gr,https://efarmakeio.gr/index.php?route=common/home
Φαρμακείο,ZPharmacy.gr,https://zpharmacy.gr/
Φαρμακείο,Ofarmakopoiosmou.gr,https://www.ofarmakopoiosmou.gr/
Φαρμακείο,Pharm24,https://www.pharm24.gr/
Τεχνολογία,phonegallery store,https://www.phonegallerystore.gr/
Τεχνολογία,The Console Club,https://www.theconsoleclub.gr/el/
Τεχνολογία,E-mob.gr,https://e-mob.gr/
Τεχνολογία,drele.com,https://www.drele.com/
Τεχνολογία,Kaizershop.gr,https://www.kaizershop.gr/
Τεχνολογία,Spaceboy,https://spaceboy.io/
Τρόφιμα,Organicon.gr,https://organicon.gr/
Τεχνολογία,Hellas Digital,https://www.hellasdigital.gr/?sl=en
Μόδα/Ομορφιά,DPAM,https://www.dpam.gr/
Κατοικίδια,Eshopkatoikidio,https://eshopkatoikidio.gr/
Μόδα/Ομορφιά,mat. fashion,https://shop.matfashion.com/el/
Μόδα/Ομορφιά,BERTOLUCCI,https://www.bertolucci.com.gr/el/%CE%B7-%CE%B5%CF%84%CE%B1%CE%B9%CF%81%CE%B9%CE%B1
Μόδα/Ομορφιά,MATIS,https://www.matis-fashion.com/el/company/
Φαρμακείο,Pharmacy Megastore,https://pharmacymegastore.gr/
Παιχνίδια,Efantasy.gr,https://www.efantasy.gr/
Τεχνολογία,THEFIXERS,https://thefixers.gr/
Μόδα/Ομορφιά,ZARA,https://www.zara.com/gr/en/
Φαρμακείο,Pharmacy Discount,https://www.pharmacydiscount.gr/
Άλλα είδη,Market24.gr,https://market24.gr/
Φαρμακείο,Heals,https://www.heals.gr/
Παιχνίδια,The Game Rules,https://www.thegamerules.com/?gclid=Cj0KCQjwhsmaBhCvARIsAIbEbH7JFDmNmg1w17MzRIyjgw5RjO6X0ipvcS7c3iCek8LYJmc_acbAkhQaAl1xEALw_wcB
Μόδα/Ομορφιά,Mandellossports.gr,https://www.mandellossports.gr/
Μόδα/Ομορφιά,Bozikis,https://bozikis.gr/?gclid=Cj0KCQjwhsmaBhCvARIsAIbEbH7ig-T-R4B8wJa1xHyu9uEBM8qHFG_fZgifLQ59TMaZJe8b5Us2I0kaAnRwEALw_wcB
Μόδα/Ομορφιά,Parabita,https://www.parabita.com/gr/
Μόδα/Ομορφιά,makemeup,https://www.makemeup.gr/
Μόδα/Ομορφιά,Prince Oliver,https://www.princeoliver.com/en/
Τρόφιμα,Coffeetales,https://coffeetales.gr/
Μόδα/Ομορφιά,Tommy Hilfiger,https://gr.tommy.com/el/
Τεχνολογία,Oneklik.gr,https://www.oneklik.gr/
Τεχνολογία,Public,https://www.public.gr/
Άλλα είδη,Vendora,https://vendora.gr/
Κατοικίδια,Gatoskilo,https://www.gatoskilo.gr/
Φαρμακείο,Now Pharmacy,https://www.nowpharmacy.gr/
Μόδα/Ομορφιά,fashion.gr,https://fashion.gr/el/
Φαρμακείο,Tofarmakeiomou.gr,https://www.tofarmakeiomou.gr/el-gr/ALL
Κατοικίδια,Pawfessionals,https://pawfessionals.gr/
Κατοικίδια,PetHeartShop,https://petheartshop.gr/
Μόδα/Ομορφιά,Koolfly,https://www.koolfly.com/el-gr/
Μόδα/Ομορφιά,Mind your style,https://www.mindyourstyle.gr/
Φαρμακείο,box pharmacy,https://www.boxpharmacy.gr/el
Μόδα/Ομορφιά,Alouette,https://www.alouette.gr/el/
Κατοικίδια,pet4u.gr,https://www.pet4u.gr/
Μόδα/Ομορφιά,TheFashionProject.gr,https://www.thefashionproject.gr/
Μόδα/Ομορφιά,Politikos,https://www.politikos-shop.gr/el-gr/
Άλλα είδη,spitishop,https://www.spitishop.gr/
Φαρμακείο,24pharmacydeals,https://24pharmacy.deals/?gclid=CjwKCAjw5pShBhB_EiwAvmnNVxNseEkO8m7ya7vceIE1niZjrYU2_USjgrtxnv_SeyFEs8tByLfSFhoCBWUQAvD_BwE
Βιβλία,Εκδόσεις Ψυχογιός,https://www.psichogios.gr/el/
Βιβλία,Εκδόσεις Μίνωας,https://minoas.gr/
Βιβλία,Εκδόσεις Παπασωτηρίου,https://ekdoseis-papasotiriou.gr/
Κατοικίδια,Pet City,https://www.petcity.gr/
Φαρμακείο,Pharmacy2go,https://www.pharmacy2go.gr/el
Φαρμακείο,Mamaspharmacy.gr,https://mamaspharmacy.gr/
Φαρμακείο,Efarmakeio.gr,https://efarmakeio.gr/
Φαρμακείο,Myviva,https://www.myviva.gr/
Τρόφιμα,bio2go,https://www.bio2go.gr/
Κατοικίδια,Petshop88,https://www.petshop88.gr/
Άλλα είδη,Pure-Natural.gr,https://www.pure-natural.gr/
Μόδα/Ομορφιά,World of beauty,https://worldofbeauty.gr/
Βιβλία,metabook,https://metabook.gr/
Άλλα είδη,myikona,https://www.myikona.gr/
Μόδα/Ομορφιά,Enzzo,https://enzzo.gr/
Μόδα/Ομορφιά,veto,https://veto.gr/
Μόδα/Ομορφιά,Vassia Kostara,https://www.vassiakostara.com/
Μόδα/Ομορφιά,ANNA MARIA MAZARAKI,https://www.annamariamazaraki.gr/el
Φαρμακείο,2 happy,https://www.2happy.gr/el?gclid=Cj0KCQjw8qmhBhClARIsANAtbodXjcRCLXeadzVFHD26jml2tAF9h3l07chefOXVdMLqaar0QaeCO1UaAsRAEALw_wcB
Φαρμακείο,omegapharmacy,https://www.omegapharmacy.gr/
Τεχνολογία,Gadgetistas,https://www.gadgetistas.com/
Τεχνολογία,ideaHellas,https://www.ideahellas.gr/
Κατοικίδια,Pet Amazon,https://www.petamazon.gr/
Μόδα/Ομορφιά,Tsakiris Mallas,https://www.tsakirismallas.gr/el-gr/
Κατοικίδια,Ktiniatriko Pet Shop,https://www.ktiniatrikopetshop.gr/
Μόδα/Ομορφιά,Calvin Klein,https://www.calvinklein.gr/el/
Μόδα/Ομορφιά,Nashbyna,https://www.nashbyna.com/
Κατοικίδια,Mypetfriend,https://www.mypetfriend.gr/
Κατοικίδια,pet4u,https://www.pet4u.gr/
Κατοικίδια,Geniuspet,https://geniuspet.gr/
Κατοικίδια,Humanpet,https://humanpet.gr/
Κατοικίδια,Κτηνιατρικός Κόσμος,https://www.ktiniatrikoskosmos.gr/
Τεχνολογία,Adaptoras,https://www.adaptoras.gr/
